{
  "minecraft:entity": {
    "format_version": "1.2.0",

    "component_groups": {       "minecraft:undying_companion": {
          "minecraft:spell_effects": {
             "add_effects": [
               {
                 "effect": "regeneration",
                 "amplifier": 5.0,
                 "visible": false,
                 "ambient": false,
                 "duration": 10
                }
              ]
            }
          },

         "minecraft:shooting": {
                 "minecraft:shooter": {
        "type": "Arrow",
        "def": "minecraft:arrow"
      },
      "minecraft:behavior.ranged_attack": {
        "attack_interval_min": 1,
        "attack_interval_max": 3,
        "attack_radius": 50,
 "charge_charged_trigger": 1.0,
 "charge_shoot_trigger": 1.0,
 "burst_shots": 5,
 "burst_interval": 0.0
      }
    },

       "minecraft:adjusting": {
          "minecraft:behavior.move_towards_target": {
             "priority": 4,
              "target_dist": 10.0
             }
           }
         },
           

    "components": {
      "minecraft:identifier": {
        "id": "minecraft:stray"
      },
      "minecraft:breathable": {
        "totalSupply": 15,
        "suffocateTime": 0,
        "breathesWater": false
      },
      "minecraft:collision_box": {
        "width": 0.6,
        "height": 1.95
      },
       "minecraft:fall_damage": {
        "value": 0.0
       },
      "minecraft:nameable": {},
      "minecraft:health": {
        "value": 50,
        "max": 50
      },
      "minecraft:loot": {
        "table": "loot_tables/entities/stray.json"
      },
      "minecraft:movement": {
        "value": 0.25
      },
      "minecraft:target_nearby_sensor": {
        "inside_range": 10.0,
        "outside_range": 15.0,
        "on_inside_range": {
          "event": "minecraft:shooting_mode",
          "target": "self"
        },
        "on_outside_range": {
          "event": "minecraft:adjusting_mode",
          "target": "self"
        }
      },
    "minecraft:damage_sensor": [
        {
          "on_damage": {
            "filters": {
               "other_with_families": [ "player" ]
           }
         },
         "deals_damage": false
        },
        {
          "on_damage": {
            "filters": { 
              "with_damage_fatal": true
          },
          "event": "minecraft:regains_health",
          "target": "self"
          },
         "deals_damage": false
         }
       ],
         
      "minecraft:navigation.walk": {
        "is_amphibious": false,
        "avoid_sun": false,
        "avoid_water": false
      },
      "minecraft:movement.basic": {
      },
      "minecraft:jump.static": {
      },
      "minecraft:can_climb": {
      },
      "minecraft:equipment": {
        "table": "loot_tables/entities/skeleton_gear.json"
      },
      "minecraft:behavior.hurt_by_target": {
        "priority": 1
      },
      "minecraft:behavior.nearest_attackable_target": {
        "priority": 5,
        "entity_types": [
          {
            "filters": {
            "other_with_families": [ "McDonalds", "skeleton", "stray" ]
            },
            "max_dist": 50
          }
        ],
        "must_see": true,
        "must_reach": true
      },
      "minecraft:behavior.tempt": {
        "priority": 1,
        "speed_multiplier": 1.25,
        "items": [
          "bow",
          "arrow",
          "ender_pearl",
          "lever",
          "cooked_chicken",
          "cooked_beef",
          "apple"
        ]
      },

      "minecraft:behavior.random_stroll": {
        "priority": 5,
        "speed_multiplier": 1
      },
      "minecraft:behavior.look_at_player": {
        "priority": 6,
        "look_distance": 8
      },
      "minecraft:behavior.random_look_around": {
        "priority": 6
      },
      "minecraft:type_family": {
        "family": [ "companion" ]
      },
      "minecraft:physics": {
      }
    },

    "events": {
       "minecraft:regains_health": {
         "add": {
           "component_groups": [
              "minecraft:undying_companion"
             ]
           }
         },
         "minecraft:shooting_mode": {
            "remove": {
              "component_groups": [
                "minecraft:adjusting"
               ]
             },
              "add": {
                "component_groups": [
                  "minecraft:shooting"
                ]
              }
            },
         "minecraft:adjusting_mode": {
            "remove": {
              "component_groups": [
                "minecraft:shooting"
               ]
             },
              "add": {
                "component_groups": [
                  "minecraft:adjusting"
                ]
              }
            }
          }
        }
      }