{
  "minecraft:entity": {
    "version": "1.2.0",

    "components": {
      "minecraft:identifier": {
        "id": "minecraft:arrow"
      },
      "minecraft:collision_box": {
        "width": 0.25,
        "height": 0.25
      },
      "minecraft:explode": {
          "fuseLength": 0.1,
          "fuseLit": true,
          "power": 0.01,
          "causesFire": false
        },
      "minecraft:projectile": {
       "onHit": {
        "impact_damage": {
         "damage": 5,
         "knockback": false,
         "semirandomdiffdamage": false,
         "destroyonhit": true
        },
        "stick_in_ground": { } ,
        
        "particle_on_hit": {
            "particle_type": "lava",
            "on_other_hit": true
          }
       },
       "shootSound": "bow",
       "hitSound": "bow.hit",
       "power": 10.0,
       "gravity": 0.00,
       "shouldbounce": false,
       "uncertaintyBase": 0.001,
        "uncertaintyMultiplier": 0.002,
        "anchor": 0.2,
       "offset": [ 0, 0, 0 ]
      }
    }
  }