{
  "minecraft:entity": {
    "format_version": "1.2.0",

    "component_groups": {    },


    "components": {
      "minecraft:identifier": {
        "id": "minecraft:cave_spider"
      },
      "minecraft:type_family": {
        "family": [ "dead" ]
      },
      "minecraft:breathable": {
        "totalSupply": 15,
        "suffocateTime": 0
      },
      
      "minecraft:collision_box": {
        "width": 0.9,
        "height": 1.3
      },
      "minecraft:nameable": {
      },
      "minecraft:health": {
        "value": 10,
        "max": 10
      },
      "minecraft:movement": {
        "value": 0.0
      },
       "minecraft:damage_sensor": [
         {
           "deals_damage": false
          }
        ],
      "minecraft:physics": {
      }
    },

    "events": {

    }
  }
}
