{
  "minecraft:entity": {
    "format_version": "1.2.0",

    "component_groups": {
      "minecraft:guard_mode": {
        "minecraft:movement": {
          "value": 0.0
        }
      },

      "minecraft:attack_mode": {
      "minecraft:target_nearby_sensor": {
        "inside_range": 3.0,
        "outside_range": 7.0,
        "on_inside_range": {
          "event": "minecraft:dropping",
          "target": "self"
        },
        "on_outside_range": {
          "event": "minecraft:adjusting",
          "target": "self"
        }
      },
       "minecraft:movement": {
          "value": 0.25
         }
       },

        "minecraft:dropping_mode": {
      "minecraft:shooter": {
        "type": "zombie",
        "def": "minecraft:zombie"
      },
      "minecraft:behavior.ranged_attack": {
        "attack_interval_min": 1,
        "attack_interval_max": 4,
        "attack_radius": 15
      }
    },

      "minecraft:adjusting_mode": {
       "minecraft:behavior.move_towards_target": {
        "priority": 2,
         "within_radius": 20.0
          }
        }
      },

    "components": {
      "minecraft:identifier": {
        "id": "minecraft:zombie_pigman"
      },
      "minecraft:collision_box": {
        "width": 1.1,
        "height": 1.2
      },
      "minecraft:type_family": {
        "family": [ "McDonalds" ]
      },
      "minecraft:breathable": {
        "totalSupply": 15,
        "suffocateTime": 0,
        "breathesWater": false
      },

      "minecraft:health": {
        "value": 20,
        "max": 20
      },
      "minecraft:loot": {
        "table": "loot_tables/entities/zombie_pigman.json"
      },
      "minecraft:knockback_resistance": {
        "value": 100.0
      },
        "minecraft:fire_immune": true,
      "minecraft:navigation.walk": {
        "is_amphibious": false,
        "avoid_sun": false,
        "avoid_water": false
      },
      "minecraft:movement.basic": {
      },
      "minecraft:jump.static": {
      },
      "minecraft:can_climb": {
      },
      "minecraft:nameable": {
      },
      "minecraft:equipment": {
        "table": "loot_tables/entities/zombie_pigman_gear.json"
      },
    "minecraft:damage_sensor": 
        {
          "on_damage": {
            "filters": {
               "other_with_families": [ "happy_meal" ]
           }
         },
         "deals_damage": false
        },
      "minecraft:behavior.nearest_attackable_target": {
        "priority": 2,
        "entity_types": [
          {
            "filters": {
            "other_with_families": [ "player" ]
            },
            "max_dist": 25.0
          }
        ],
        "must_see": false,
        "must_reach": false
      },
      "minecraft:behavior.random_stroll": {
        "priority": 5,
        "speed_multiplier": 1
      },
      "minecraft:behavior.look_at_player": {
        "priority": 6,
        "look_distance": 8
      },
      "minecraft:behavior.hurt_by_target": {
        "priority": 1,
        "entity_types": [
          {
            "filters": {  
                 "other_without_families": [ "McDonalds" ]
               }
             }
           ]
         },

      "minecraft:behavior.random_look_around": {
        "priority": 6
      },
         "minecraft:on_target_acquired": {
        "event": "minecraft:start_attacking",
        "target": "self"
      },

      "minecraft:physics": {
      }
    },

    "events": {
      "minecraft:entity_spawned": {
        "remove": {
          "component_groups": [
            "minecraft:attack_mode"
           ]
         },
        "add": {
          "component_groups": [
            "minecraft:guard_mode"
           ]
         }
       },
         "minecraft:start_attacking": {
          "remove": {
            "component_groups": [
              "minecraft:guard_mode"
             ]
           },
           "add": {
              "component_groups": [
                 "minecraft:attack_mode"
                ]
              }
            },
             "minecraft:dropping": {
               "remove": {
                  "component_groups": [
                    "minecraft:adjusting"
                   ]
                 },
                 "add": {
                   "component_groups": [
                     "minecraft:dropping_mode"
                    ]
                  }
                },
             "minecraft:adjusting": {
               "remove": {
                  "component_groups": [
                    "minecraft:dropping_mode"
                   ]
                 },
                 "add": {
                   "component_groups": [
                     "minecraft:adjusting_mode"
                    ]
                  }
                }
              }
            }
          }