{
  "minecraft:entity": {
    "format_version": "1.2.0",

    "component_groups": {
      "minecraft:guard_mode": {
        "minecraft:movement": {
          "value": 0.0
        }
      },

      "minecraft:attack_mode": {
      "minecraft:target_nearby_sensor": {
        "inside_range": 9.0,
        "outside_range": 15.0,
        "on_inside_range": {
          "event": "minecraft:shooting",
          "target": "self"
        },
        "on_outside_range": {
          "event": "minecraft:moving",
          "target": "self"
        }
      },
       "minecraft:movement": {
          "value": 0.25
         }
       },

        "minecraft:shooting_mode": {
      "minecraft:shooter": {
        "type": "Fireball",
        "def": "minecraft:fireball.small"
      },
      "minecraft:behavior.ranged_attack": {
        "attack_interval_min": 1,
        "attack_interval_max": 6,
        "charge_charged_trigger": 1.0,
        "charge_shoot_trigger": 1.0,
        "burst_shots": 3,
        "burst_interval": 0.0,
        "attack_radius": 15,
        "speed_multiplier": 1.25
      }
    },

      "minecraft:adjusting": {
        "minecraft:behavior.move_towards_target": {
          "priority": 2,
           "within_radius": 25.0
          }
        }
      },

    "components": {
      "minecraft:identifier": {
        "id": "minecraft:wither_skeleton"
      },
      "minecraft:collision_box": {
        "width": 0.6,
        "height": 1.95
      },
      "minecraft:type_family": {
        "family": [ "McDonalds", "worker" ]
      },
      "minecraft:breathable": {
        "totalSupply": 15,
        "suffocateTime": 0,
        "breathesWater": true
      },

      "minecraft:health": {
        "value": 16,
        "max": 16
      },
       "minecraft:fire_immune": true,
     "minecraft:scale": {
      "value": 1.0
      },
      "minecraft:loot": {
        "table": "loot_tables/entities/skeleton.json"
      },
      "minecraft:navigation.walk": {
        "is_amphibious": false,
        "avoid_sun": false,
        "avoid_water": false
      },
      "minecraft:movement.basic": {
      },
      "minecraft:jump.static": {
      },
      "minecraft:can_climb": {
      },
      "minecraft:nameable": {
      },
      "minecraft:equipment": {
        "table": "loot_tables/entities/skeleton_gear.json"
      },
    "minecraft:damage_sensor": 
        {
          "on_damage": {
            "filters": {
               "other_with_families": [ "worker", "happy_meal" ]
           }
         },
         "deals_damage": false
        },

      "minecraft:environment_sensor": {
        "on_environment": {
          "filters": { "test": "is_underwater", "subject": "self", "operator": "==", "value": true },
          "event": "minecraft:melee_mode"
        }
      },
      "minecraft:behavior.nearest_attackable_target": {
        "priority": 2,
        "entity_types": [
          {
            "filters": {
            "other_with_families": [ "player", "happy_meal", "companion" ]
            },
            "max_dist": 16
          }
        ],
        "must_see": true,
        "must_reach": true
      },
      "minecraft:behavior.random_stroll": {
        "priority": 5,
        "speed_multiplier": 1
      },
      "minecraft:behavior.look_at_player": {
        "priority": 6,
        "look_distance": 8
      },
      "minecraft:behavior.hurt_by_target": {
        "priority": 1,
        "entity_types": [
          {
            "filters": {  
                 "other_without_families": [ "McDonalds" ]
               }
             }
           ]
         },

      "minecraft:behavior.random_look_around": {
        "priority": 6
      },
         "minecraft:on_target_acquired": {
        "event": "minecraft:start_attacking",
        "target": "self"
      },

      "minecraft:physics": {
      }
    },

    "events": {
      "minecraft:entity_spawned": {
        "remove": {
          "component_groups": [
            "minecraft:attack_mode"
           ]
         },
        "add": {
          "component_groups": [
            "minecraft:guard_mode"
           ]
         }
       },
         "minecraft:start_attacking": {
          "remove": {
            "component_groups": [
              "minecraft:guard_mode"
             ]
           },
           "add": {
              "component_groups": [
                 "minecraft:attack_mode"
                ]
              }
            },
             "minecraft:shooting": {
               "remove": {
                  "component_groups": [
                    "minecraft:adjusting"
                   ]
                 },
                 "add": {
                   "component_groups": [
                     "minecraft:shooting_mode"
                    ]
                  }
                },
             "minecraft:moving": {
               "remove": {
                  "component_groups": [
                    "minecraft:shooting_mode"
                   ]
                 },
                 "add": {
                   "component_groups": [
                     "minecraft:adjusting"
                    ]
                  }
                }
              }
            }
          }