{
  "minecraft:entity" : {
    "format_version" : 0.1,

    "component_groups" : {
      "undying:undying": {
	   "minecraft:spell_effects": {
		"add_effects": [
		 {
		   "effect": "regeneration",
		    "amplifier": 5,
		    "visible": false,
		    "ambient": false,
		     "duration": 99999
               },
               {
               "effect": "healing",
		    "amplifier": 5,
		    "visible": false,
		    "ambient": false,
		     "duration": 99999
                },
                {
               "effect": "health_boost",
		    "amplifier": 5,
		    "visible": false,
		    "ambient": false,
		     "duration": 99999
                }
              ]
            }
          }
        },
                
    "components" : {
      "minecraft:identifier" : {
        "id" : "minecraft:creeper"
      },
      "minecraft:loot" : {
        "table" : "loot_tables\/entities\/creeper.json"
      },
      "minecraft:nameable" : {

      },
      "minecraft:behavior.float" : {
        "priority" : 0
      },
      "minecraft:attack" : {
        "damage" : 100
      },
      "minecraft:knockback_resistance": {
       "value": 100.0
      },
      "minecraft:type_family" : {
        "family" : [
          "pennywise ",
          "killer clown ",
          "McDonalds"
        ]
      },
      "minecraft:damage_sensor": [
        {
          "on_damage": {
            "filters": { 
              "with_damage_fatal": true
          },
          "event": "minecraft:regains_health",
          "target": "self"
          },
         "deals_damage": false
         }
       ],
      "minecraft:behavior.melee_attack" : {
        "priority" : 4,
        "track_target" : true,
        "speed_multiplier" : 1.1
      },
      "minecraft:collision_box" : {
        "width" : 0.6,
        "height" : 1.8
      },
      "minecraft:behavior.nearest_attackable_target" : {
        "priority" : 4,
        "entity_types" : [
          {
            "max_dist" : 100,
            "filters" : {
              "other_with_families" : "player"
            }
          }
        ],
        "must_see" : false
      },
      "minecraft:behavior.random_stroll" : {
        "priority" : 5,
        "speed_multiplier" : 1.0
      },
      "minecraft:behavior.look_at_player" : {
        "priority" : 6,
        "look_distance" : 8
      },
      "minecraft:behavior.hurt_by_target" : {
        "priority" : 2
      },
      "minecraft:behavior.random_look_around" : {
        "priority" : 6
      },
      "minecraft:movement" : {
        "max" : 0.25,
        "value" : 0.25
      },
      "minecraft:health" : {
        "max" : 100,
        "value" : 100
      }
    },

     "events": {
         "minecraft:regains_health": {
           "remove": {},
           "add": {
             "component_groups": [
               "undying:undying"
              ]
            }
          }
        }
      }
    }
      
