{
  "minecraft:entity": {
    "version": "1.2.0",

    "components": {
      "minecraft:identifier": {
        "id": "minecraft:thrown_trident"
      },
      "minecraft:collision_box": {
        "width": 0.25,
        "height": 0.25
      },
      "minecraft:explode": {
          "fuseLength": 1.5,
          "fuseLit": true,
          "power": 4,
          "causesFire": false,
          "breaks_blocks": false
        },
      "minecraft:projectile": {
       "onHit": {
        "impact_damage": {
         "damage": 4,
         "knockback": false,
         "semirandomdiffdamage": false,
         "destroyonhit": true
        },
        "stick_in_ground": {},
       },
       "power": 1.6,
       "gravity": 0.05,
       "shouldbounce": false,
       "uncertaintyBase": 0.001,
        "uncertaintyMultiplier": 0.002,
        "anchor": 0.2,
       "offset": [ 0, 0, 0 ]
      }
    }
  }
}