{
  "geometry.mob_head": {
    "texturewidth": 64,
    "textureheight": 64,
    "bones": [
      {
				"name": "head",
				"pivot": [0, 24, 0],
				"cubes": [
					{
				"origin": [-4, 24, -2],
						"size": [8, 8, 5],
						"uv": [0, 0]
                             },
                             {
						"origin": [-4, 32, -1],
						"size": [8, 1, 3],
						"uv": [0, 13]
                             },
                             {
						"origin": [-4, 33, 0],
						"size": [8, 1, 1],
						"uv": [0, 17]
                             },
                             {
						"origin": [-4, 34, 0],
						"size": [1, 1, 1],
						"uv": [0, 19]
                             },
                             {
						"origin": [3, 34, 0],
						"size": [1, 1, 1],
						"uv": [0, 19]
                             },
                             {
						"origin": [-3, 34, 0],
						"size": [1, 2, 1],
						"uv": [0, 21]
                             },
                             {
						"origin": [2, 34, 0],
						"size": [1, 2, 1],
						"uv": [0, 21]
                             },
                             {
						"origin": [-1, 34, 0],
						"size": [2, 2, 1],
						"uv": [0, 24]
                             },
                             {
						"origin": [-2, 36, 0],
						"size": [1, 1, 1],
						"uv": [0, 19]
                             },
                             {
						"origin": [1, 36, 0],
						"size": [1, 1, 1],
						"uv": [0, 19]
           
           
           },
           {
           						"origin": [-4, 24, -4],
						"size": [8, 8, 8],
						"uv": [0, 48]
         }
        ]
      }
    ]
  },
  "geometry.villager": {
    "texturewidth": 64,
    "textureheight": 64,

    "bones": [
      {
        "name": "head",
        "pivot": [ 0.0, 24.0, 0.0 ],
        "cubes": [
          {
            "origin": [ -4.0, 24.0, -4.0 ],
            "size": [ 8, 8, 8 ],
            "uv": [ 0, 0 ]
          }
        ]
      },
      {
        "name": "body",
        "pivot": [ 0.0, 24.0, 0.0 ],
        "cubes": [
          {
            "origin": [ -4.0, 12.0, -2.0 ],
            "size": [ 8, 12, 4],
            "uv": [ 16, 16 ]
          },
          {
            "origin": [ -8.0, 12.0, -2.0 ],
            "size": [ 4, 12, 4],
            "uv": [ 40, 16 ]
          },
          {
            "origin": [ 4.0, 12.0, -2.0 ],
            "size": [ 4, 12, 4],
            "uv": [ 40, 16 ]
          }
        ]
      },
      {
        "name": "leg0",
        "pivot": [ -2.0, 12.0, -1.0 ],
        "cubes": [
          {
            "origin": [ -4.0, 0.0, -2.0 ],
            "size": [ 4, 12, 4 ],
            "uv": [ 0, 16 ]
          }
        ]
      },

      {
        "name": "leg1",
        "pivot": [ 1.0, 12.0, -1.0 ],
        "cubes": [
          {
            "origin": [ 0.0, 0.0, -2.0 ],
            "size": [ 4, 12, 4 ],
            "uv": [ 0, 16 ]
          }
        ]
      }
    ]
  },
	"geometry.zombie:geometry.humanoid": {
		"texturewidth": 64,
		"textureheight": 64,
		"bones": [
    {
        "name": "leftLeg",
        "reset": "true",
        "pivot": [ 0.0, 20.0, 0.0 ]
    },
    {
        "name": "rightLeg",
        "reset": "true",
        "pivot": [ 0.0, 20.0, 0.0 ]
      },
      {
        "name": "body",
        "reset": "true",
        "pivot": [ 0.0, 20.0, 0.0 ]
      },
      {
        "name": "leftArm",
        "reset": "true",
        "pivot": [ 0.0, 20.0, 0.0 ]
      },
      {
        "name": "rightArm",
        "reset": "true",
        "pivot": [ 0.0, 20.0, 0.0 ]
      },
      {
        "name": "head",
        "reset": "true",
        "pivot": [ 0.0, 24.0, 0.0 ]
       },
			{
				"name": "head",
				"pivot": [0, 24, 0],
				"reset": true,
				"cubes": [
					{"origin": [-4, 0, -2], "size": [8, 8, 5], "uv": [0, 0]},
					{"origin": [-4, 8, -1], "size": [8, 1, 3], "uv": [0, 13]},
					{"origin": [-4, 9, 0], "size": [8, 1, 1], "uv": [0, 17]},
					{"origin": [-4, 10, 0], "size": [1, 1, 1], "uv": [0, 19]},
					{"origin": [3, 10, 0], "size": [1, 1, 1], "uv": [0, 19]},
					{"origin": [-3, 10, 0], "size": [1, 2, 1], "uv": [0, 21]},
					{"origin": [2, 10, 0], "size": [1, 2, 1], "uv": [0, 21]},
					{"origin": [-1, 10, 0], "size": [2, 2, 1], "uv": [0, 24]},
					{"origin": [-2, 12, 0], "size": [1, 1, 1], "uv": [0, 19]},
					{"origin": [1, 12, 0], "size": [1, 1, 1], "uv": [0, 19]}
				]
			}
		]
	},
	"geometry.trident": {
		"texturewidth": 64,
		"textureheight": 64,
		"bones": [
			{
				"name": "pole",
				"pivot": [0, 24, 0],
				"reset": true,
				"cubes": [
					{"origin": [-4, 0, -2], "size": [8, 8, 5], "uv": [0, 0]},
					{"origin": [-4, 8, -1], "size": [8, 1, 3], "uv": [0, 13]},
					{"origin": [-4, 9, 0], "size": [8, 1, 1], "uv": [0, 17]},
					{"origin": [-4, 10, 0], "size": [1, 1, 1], "uv": [0, 19]},
					{"origin": [3, 10, 0], "size": [1, 1, 1], "uv": [0, 19]},
					{"origin": [-3, 10, 0], "size": [1, 2, 1], "uv": [0, 21]},
					{"origin": [2, 10, 0], "size": [1, 2, 1], "uv": [0, 21]},
					{"origin": [-1, 10, 0], "size": [2, 2, 1], "uv": [0, 24]},
					{"origin": [-2, 12, 0], "size": [1, 1, 1], "uv": [0, 19]},
					{"origin": [1, 12, 0], "size": [1, 1, 1], "uv": [0, 19]}
				]
			}
		]
	},
  "geometry.human": {
    "visible_bounds_width": 1,
    "visible_bounds_height": 1,
    "visible_bounds_offset": [ 0, 0.5, 0 ],
    "bones": [
      {
        "name": "body",
        "pivot": [ 0.0, 24.0, 0.0 ],
        "cubes": [
          {
            "origin": [ -4.0, 12.0, -2.0 ],
            "size": [ 8, 12, 4 ],
            "uv": [ 16, 16 ]
          }
        ]
      },

      {
        "name": "waist",
        "neverRender": true,
        "pivot": [ 0.0, 12.0, 0.0 ]
      },

      {
        "name": "head",
        "pivot": [ 0.0, 24.0, 0.0 ],
        "cubes": [
          {
            "origin": [ -4.0, 24.0, -4.0 ],
            "size": [ 8, 8, 8 ],
            "uv": [ 0, 0 ]
          }
        ]
      },

      {
        "name": "hat",
        "pivot": [ 0.0, 24.0, 0.0 ],
        "cubes": [
          {
            "origin": [ -4.0, 24.0, -4.0 ],
            "size": [ 8, 8, 8 ],
            "uv": [ 32, 0 ],
            "inflate": 0.5
          }
        ],
        "neverRender": true
      },

      {
        "name": "rightArm",
        "pivot": [ -5.0, 22.0, 0.0 ],
        "cubes": [
          {
            "origin": [ -8.0, 12.0, -2.0 ],
            "size": [ 4, 12, 4 ],
            "uv": [ 40, 16 ]
          }
        ]
      },

      {
        "name": "rightItem",
        "pivot": [ -6, 15, 1 ],
        "neverRender": true,
        "parent": "rightArm"
      },

      {
        "name": "leftArm",
        "pivot": [ 5.0, 22.0, 0.0 ],
        "cubes": [
          {
            "origin": [ 4.0, 12.0, -2.0 ],
            "size": [ 4, 12, 4 ],
            "uv": [ 40, 16 ]
          }
        ],
        "mirror": true
      },

      {
        "name": "rightLeg",
        "pivot": [ -1.9, 12.0, 0.0 ],
        "cubes": [
          {
            "origin": [ -3.9, 0.0, -2.0 ],
            "size": [ 4, 12, 4 ],
            "uv": [ 0, 16 ]
          }
        ]
      },

      {
        "name": "leftLeg",
        "pivot": [ 1.9, 12.0, 0.0 ],
        "cubes": [
          {
            "origin": [ -0.1, 0.0, -2.0 ],
            "size": [ 4, 12, 4 ],
            "uv": [ 0, 16 ]
          }
        ],
        "mirror": true
      }
    ]
  },
	"geometry.dead": {
		"texturewidth": 64,
		"textureheight": 64,
		"bones": [
			{
				"name": "body0",
				"pivot": [0, 9, 9],
				"rotation": [-90, 0, 0],
				"cubes": [
					{"origin": [-4, -5, 14], "size": [8, 12, 4], "uv": [16, 16]},
					{"origin": [-8, -5, 14], "size": [4, 12, 4], "uv": [40, 16]},
					{"origin": [4, -5, 14], "size": [4, 12, 4], "uv": [40, 16]},
					{"origin": [-4, 7, 12], "size": [8, 8, 8], "uv": [0, 0]}
				]
			},
			{
				"name": "body1",
				"pivot": [0, 4, 0],
				"rotation": [-90, 0, 0],
				"cubes": [
					{"origin": [0, -13, 0], "size": [4, 12, 4], "uv": [0, 16]},
					{"origin": [-4, -13, 0], "size": [4, 12, 4], "uv": [0, 16]}
				]
			}
		]
	},
	"geometry.meal_burner": {
		"texturewidth": 64,
		"textureheight": 64,
		"bones": [
			{
				"name": "body",
				"pivot": [0, 24, 0],
				"cubes": [
					{"origin": [-4, 12, -2], "size": [8, 12, 4], "uv": [16, 16]}
				]
			},
			{
				"name": "waist",
				"pivot": [0, 12, 0]
			},
			{
				"name": "head",
				"pivot": [0, 24, 0],
				"cubes": [
					{"origin": [-4, 24, -4], "size": [8, 8, 8], "uv": [0, 0]}
				]
			},
			{
				"name": "rightArm",
				"pivot": [-5, 22, 0],
				"cubes": [
					{"origin": [-8, 12, -2], "size": [4, 12, 4], "uv": [40, 16]},
					{"origin": [-7, 13, -6], "size": [2, 2, 9], "uv": [0, 47]},
					{"origin": [-8, 15, -7], "size": [4, 6, 4], "uv": [24, 32]},
					{"origin": [-7, 4, -7], "size": [2, 9, 2], "uv": [0, 32]},
					{"origin": [-6.5, 1, -6.5], "size": [1, 3, 1], "uv": [24, 47]},
					{"origin": [-7, 13, -7], "size": [2, 2, 1], "uv": [0, 32]},
					{"origin": [-7.5, 9, -6.5], "size": [0.5, 3, 1], "uv": [24, 32]},
					{"origin": [-5, 9, -6.5], "size": [0.5, 3, 1], "uv": [24, 32]}
				]
			},
			{
				"name": "leftArm",
				"pivot": [5, 22, 0],
				"mirror": true,
				"cubes": [
					{"origin": [4, 12, -2], "size": [4, 12, 4], "uv": [40, 16]}
				]
			},
			{
				"name": "rightLeg",
				"pivot": [-1.9, 12, 0],
				"cubes": [
					{"origin": [-3.9, 0, -2], "size": [4, 12, 4], "uv": [0, 16]}
				]
			},
			{
				"name": "leftLeg",
				"pivot": [1.9, 12, 0],
				"mirror": true,
				"cubes": [
					{"origin": [-0.1, 0, -2], "size": [4, 12, 4], "uv": [0, 16]}
				]
			}
		]
	},
	"geometry.irongolem": {
		"texturewidth": 192,
		"textureheight": 148,
		"bones": [
			{
				"name": "body",
				"pivot": [0, 31, 0],
				"reset": true,
				"cubes": [
					{"origin": [-9, 10, -6], "size": [18, 17, 11], "uv": [0, 0]},
					{"origin": [2, 36, -2], "size": [3, 3, 3], "uv": [100, 0]},
					{"origin": [-5, 36, -2], "size": [3, 3, 3], "uv": [100, 0]},
					{"origin": [-2, 31, -2], "size": [4, 6, 3], "uv": [100, 0]},
					{"origin": [5, 31, -2], "size": [3, 6, 3], "uv": [100, 0]},
					{"origin": [3, 20, -7], "size": [5, 1, 1], "uv": [100, 0]},
					{"origin": [-8, 20, -7], "size": [5, 1, 1], "uv": [100, 0]},
					{"origin": [-3, 13, -7], "size": [6, 1, 1], "uv": [100, 0]},
					{"origin": [-4, 14, -7], "size": [1, 1, 1], "uv": [100, 0]},
					{"origin": [3, 14, -7], "size": [1, 1, 1], "uv": [100, 0]},
					{"origin": [4, 15, -7], "size": [1, 2, 1], "uv": [100, 0]},
					{"origin": [-5, 15, -7], "size": [1, 2, 1], "uv": [100, 0]},
					{"origin": [5, 17, -7], "size": [1, 3, 1], "uv": [100, 0]},
					{"origin": [-6, 17, -7], "size": [1, 3, 1], "uv": [100, 0]},
					{"origin": [-8, 31, -2], "size": [3, 6, 3], "uv": [100, 0]},
					{"origin": [-9, 29, -2], "size": [18, 2, 3], "uv": [0, 0]},
					{"origin": [-9, 27, -4], "size": [18, 2, 7], "uv": [0, 0]}
				]
			},
			{
				"name": "leg0",
				"pivot": [-3, 10, -1.5],
				"reset": true,
				"cubes": [
					{"origin": [-5.5, 3, -3], "size": [4, 13, 4], "uv": [0, 100]},
					{"origin": [-6, 0, -6], "size": [5, 3, 7], "uv": [100, 100]}
				]
			},
			{
				"name": "leg1",
				"pivot": [4, 10, -1.5],
				"reset": true,
				"mirror": true,
				"cubes": [
					{"origin": [1.5, 3, -3], "size": [4, 13, 4], "uv": [0, 100]},
					{"origin": [1, 0, -6], "size": [5, 3, 7], "uv": [100, 100], "mirror": false}
				]
			},
			{
				"name": "arm0",
				"pivot": [-9, 23.5, -1],
				"reset": true,
				"cubes": [
					{"origin": [-14, 21.5, -3], "size": [5, 5, 5], "uv": [0, 100]},
					{"origin": [-13, 11, -2], "size": [3, 11, 3], "uv": [100, 100]}
				]
			},
			{
				"name": "arm1",
				"pivot": [10, 23.5, -1],
				"reset": true,
				"cubes": [
					{"origin": [9, 21.5, -3], "size": [5, 5, 5], "uv": [0, 100]},
					{"origin": [10, 11, -2], "size": [3, 11, 3], "uv": [100, 100]}
				]
			},
			{
				"name": "bone",
				"pivot": [0, 4, 0],
				"cubes": [
					{"origin": [3, 10, -1.5], "size": [1, 1, 1], "uv": [0, 0]}
				]
			}
		]
	},
	"geometry.explosive_meal_dropper": {
		"texturewidth": 192,
		"textureheight": 148,
		"bones": [
    {
        "name": "leg0",
        "reset": "true",
        "pivot": [ 0.0, 20.0, 0.0 ]
    },
    {
        "name": "leg1",
        "reset": "true",
        "pivot": [ 0.0, 20.0, 0.0 ]
      },
      {
        "name": "body",
        "reset": "true",
        "pivot": [ 0.0, 20.0, 0.0 ]
      },
      {
        "name": "arms",
        "reset": "true",
        "pivot": [ 0.0, 20.0, 0.0 ]
      },
      {
        "name": "nose",
        "reset": "true",
        "pivot": [ 0.0, 20.0, 0.0 ]
      },
      {
        "name": "head",
        "reset": "true",
        "pivot": [ 0.0, 24.0, 0.0 ]
       },
			{
				"name": "body",
				"pivot": [0, 4, 0],
				"cubes": [
					{"origin": [6, 0, -8], "size": [4, 4, 16], "uv": [0, 128]},
					{"origin": [-10, 0, -8], "size": [4, 4, 16], "uv": [0, 128]},
					{"origin": [-6, 2, -6], "size": [12, 17, 12], "uv": [0, 0]},
					{"origin": [6, 15, -2], "size": [4, 4, 4], "uv": [128, 0]},
					{"origin": [-10, 15, -2], "size": [4, 4, 4], "uv": [128, 0]},
					{"origin": [7, 8, -1], "size": [2, 7, 2], "uv": [0, 64]},
					{"origin": [-9, 8, -1], "size": [2, 7, 2], "uv": [0, 64]},
					{"origin": [7, 8, -10], "size": [2, 2, 9], "uv": [0, 64]},
					{"origin": [-9, 8, -10], "size": [2, 2, 9], "uv": [0, 64]},
					{"origin": [4, 8, -10], "size": [3, 2, 2], "uv": [0, 64]},
					{"origin": [-7, 8, -10], "size": [3, 2, 2], "uv": [0, 64]},
					{"origin": [2, 15, -7], "size": [2, 2, 1], "uv": [64, 64]},
					{"origin": [-4, 15, -7], "size": [2, 2, 1], "uv": [64, 64]},
					{"origin": [-3, 5, -7], "size": [6, 7, 1], "uv": [64, 64]},
					{"origin": [-5, 6, 6], "size": [10, 10, 1], "uv": [128, 0]},
					{"origin": [-1, 7, 7], "size": [2, 7, 1], "uv": [64, 0]},
					{"origin": [-3, 14, 7], "size": [2, 1, 1], "uv": [64, 0]},
					{"origin": [1, 14, 7], "size": [2, 1, 1], "uv": [64, 0]},
					{"origin": [-4, 7, 7], "size": [1, 7, 1], "uv": [64, 0]},
					{"origin": [3, 7, 7], "size": [1, 7, 1], "uv": [64, 0]},
					{"origin": [-4, 4, -11], "size": [8, 9, 3], "uv": [128, 64]},
					{"origin": [-1, 13, -10], "size": [2, 2, 1], "uv": [64, 0]},
					{"origin": [-3, 14, -10], "size": [2, 1, 1], "uv": [64, 0]},
					{"origin": [1, 14, -10], "size": [2, 1, 1], "uv": [64, 0]},
					{"origin": [2, 13, -10], "size": [2, 1, 1], "uv": [64, 0]},
					{"origin": [-2, 6, -12], "size": [4, 1, 1], "uv": [64, 0]},
					{"origin": [-3, 7, -12], "size": [1, 2, 1], "uv": [64, 0]},
					{"origin": [2, 7, -12], "size": [1, 2, 1], "uv": [64, 0]},
					{"origin": [1, 9, -12], "size": [3, 1, 1], "uv": [64, 0]},
					{"origin": [-4, 9, -12], "size": [3, 1, 1], "uv": [64, 0]},
					{"origin": [1, 25, -1], "size": [2, 2, 2], "uv": [64, 0]},
					{"origin": [-3, 25, -1], "size": [2, 2, 2], "uv": [64, 0]},
					{"origin": [-1, 20, -1], "size": [2, 6, 2], "uv": [64, 0]},
					{"origin": [3, 20, -1], "size": [2, 6, 2], "uv": [64, 0]},
					{"origin": [-5, 20, -1], "size": [2, 6, 2], "uv": [64, 0]},
					{"origin": [-4, 13, -10], "size": [2, 1, 1], "uv": [64, 0]},
					{"origin": [-6, 19, -4], "size": [12, 1, 8], "uv": [0, 0]},
					{"origin": [-4, 1, -4], "size": [8, 1, 8], "uv": [128, 0]}
				]
			}
		]
	},
	"geometry.skeleton:geometry.humanoid": {
		"texturewidth": 64,
		"textureheight": 64,
		"bones": [
			{
				"name": "body",
				"pivot": [0, 24, 0],
				"cubes": [
					{"origin": [-4, 12, -2], "size": [8, 12, 4], "uv": [16, 16]}
				]
			},
			{
				"name": "head",
				"pivot": [0, 24, 0],
				"cubes": [
					{"origin": [-4, 24, -4], "size": [8, 8, 8], "uv": [0, 0]}
				]
			},
			{
				"name": "rightArm",
				"pivot": [-5, 22, 0],
				"cubes": [
					{"origin": [-8, 12, -2], "size": [4, 12, 4], "uv": [40, 16]},
					{"origin": [-7, 13, -4], "size": [2, 2, 7], "uv": [0, 32]},
					{"origin": [-7, 7, -4], "size": [2, 6, 2], "uv": [0, 32]},
					{"origin": [-6.5, 6, -3.5], "size": [1, 1, 1], "uv": [0, 47]}
				]
			},
			{
				"name": "leftArm",
				"pivot": [5, 22, 0],
				"mirror": true,
				"cubes": [
					{"origin": [4, 12, -2], "size": [4, 12, 4], "uv": [40, 16]}
				]
			},
			{
				"name": "rightLeg",
				"pivot": [-1.9, 12, 0],
				"cubes": [
					{"origin": [-3.9, 0, -2], "size": [4, 12, 4], "uv": [0, 16]}
				]
			},
			{
				"name": "leftLeg",
				"pivot": [1.9, 12, 0],
				"mirror": true,
				"cubes": [
					{"origin": [-0.1, 0, -2], "size": [4, 12, 4], "uv": [0, 16]}
				]
			}
		]
	},
	"geometry.bob": {
		"texturewidth": 64,
		"textureheight": 64,
		"bones": [
			{
				"name": "body",
				"pivot": [0, 24, 0],
				"cubes": [
					{"origin": [-4, 12, -2], "size": [8, 12, 4], "uv": [16, 16]}
				]
			},
			{
				"name": "head",
				"pivot": [0, 24, 0],
				"cubes": [
					{"origin": [-4, 24, -4], "size": [8, 8, 8], "uv": [0, 0]}
				]
			},
			{
				"name": "rightArm",
				"pivot": [-5, 22, 0],
				"cubes": [
					{"origin": [-8, 12, -2], "size": [4, 12, 4], "uv": [40, 16]},
					{"origin": [-7, 13, -4], "size": [2, 2, 7], "uv": [0, 32]},
					{"origin": [-7, 7, -4], "size": [2, 6, 2], "uv": [0, 32]},
					{"origin": [-6.5, 6, -3.5], "size": [1, 1, 1], "uv": [0, 47]}
				]
			},
			{
				"name": "leftArm",
				"pivot": [5, 22, 0],
				"mirror": true,
				"cubes": [
					{"origin": [4, 12, -2], "size": [4, 12, 4], "uv": [40, 16]}
				]
			},
			{
				"name": "rightLeg",
				"pivot": [-1.9, 12, 0],
				"cubes": [
					{"origin": [-3.9, 0, -2], "size": [4, 12, 4], "uv": [0, 16]}
				]
			},
			{
				"name": "leftLeg",
				"pivot": [1.9, 12, 0],
				"mirror": true,
				"cubes": [
					{"origin": [-0.1, 0, -2], "size": [4, 12, 4], "uv": [0, 16]}
				]
			}
		]
	},
    "geometry.creeper": {
    "texturewidth": 64,
    "textureheight": 64,

    "bones": [
      {
        "name": "body",
        "cubes": [
          {
            "origin": [ -4.0, 12.0, -2.0 ],
            "size": [ 8, 12, 4 ],
            "uv": [ 16, 16 ]
          }
        ]
      },

      {
        "name": "head",
        "pivot": [ 0.0, 24.0, 0.0 ],
        "cubes": [
          {
            "origin": [ -4.0, 24.0, -4.0 ],
            "size": [ 8, 8, 8 ],
            "uv": [ 0, 0 ]
          }
        ]
      },

      {
        "name": "leg0",
        "pivot": [ -5.0, 22.0, 0.0 ],
        "cubes": [
          {
            "origin": [ -8.0, 12.0, -2.0 ],
            "size": [ 4, 12, 4 ],
            "uv": [ 40, 16 ]
         },
         {
            "origin": [ -7.0, 13.0, -4.0 ],
            "size": [ 1, 2, 8 ],
            "uv": [ 0, 32 ]
         },
         {
            "origin": [ -7.0, 14.0, -13.0 ],
            "size": [ 1, 1, 9 ],
            "uv": [ 0, 42 ]
        },
        {
            "origin": [ -7.0, 13.0, -12.0 ],
            "size": [ 1, 1, 8 ],
            "uv": [ 0, 52 ]
          }
        ]
      },

      {
        "name": "leg1",
        "pivot": [ 4.0, 22.0, 0.0 ],
        "cubes": [
          {
            "origin": [ 4.0, 12.0, -2.0 ],
            "size": [ 4, 12, 4 ],
            "uv": [ 40, 16 ]
          }
        ]
      },

      {
        "name": "leg2",
        "pivot": [ -2.0, 12.0, -1.0 ],
        "cubes": [
          {
            "origin": [ -4.0, 0.0, -2.0 ],
            "size": [ 4, 12, 4 ],
            "uv": [ 0, 16 ]
          }
        ]
      },

      {
        "name": "leg3",
        "pivot": [ 1.0, 12.0, -1.0 ],
        "cubes": [
          {
            "origin": [ 0.0, 0.0, -2.0 ],
            "size": [ 4, 12, 4 ],
            "uv": [ 0, 16 ]
          }
        ]
      }
    ]
  },
    "geometry.firstRonald": {
    "texturewidth": 64,
    "textureheight": 64,

    "bones": [
      {
        "name": "body",
        "cubes": [
          {
            "origin": [ -4.0, 12.0, -2.0 ],
            "size": [ 8, 12, 4 ],
            "uv": [ 16, 16 ]
          }
        ]
      },

      {
        "name": "head",
        "pivot": [ 0.0, 24.0, 0.0 ],
        "cubes": [
          {
            "origin": [ -4.0, 24.0, -4.0 ],
            "size": [ 8, 8, 8 ],
            "uv": [ 0, 0 ]
          }
        ]
      },

      {
        "name": "body",
        "pivot": [ -5.0, 22.0, 0.0 ],
        "cubes": [
          {
            "origin": [ -8.0, 12.0, -2.0 ],
            "size": [ 4, 12, 4 ],
            "uv": [ 40, 16 ]
         },
         {
            "origin": [ -7.0, 13.0, -4.0 ],
            "size": [ 1, 2, 8 ],
            "uv": [ 0, 32 ]
         },
         {
            "origin": [ -7.0, 14.0, -13.0 ],
            "size": [ 1, 1, 9 ],
            "uv": [ 0, 42 ]
        },
        {
            "origin": [ -7.0, 13.0, -12.0 ],
            "size": [ 1, 1, 8 ],
            "uv": [ 0, 52 ]
          }
        ]
      },

      {
        "name": "body",
        "pivot": [ 4.0, 22.0, 0.0 ],
        "cubes": [
          {
            "origin": [ 4.0, 12.0, -2.0 ],
            "size": [ 4, 12, 4 ],
            "uv": [ 40, 16 ]
          }
        ]
      },

      {
        "name": "leg0",
        "pivot": [ -2.0, 12.0, -1.0 ],
        "cubes": [
          {
            "origin": [ -4.0, 0.0, -2.0 ],
            "size": [ 4, 12, 4 ],
            "uv": [ 0, 16 ]
          }
        ]
      },

      {
        "name": "leg1",
        "pivot": [ 1.0, 12.0, -1.0 ],
        "cubes": [
          {
            "origin": [ 0.0, 0.0, -2.0 ],
            "size": [ 4, 12, 4 ],
            "uv": [ 0, 16 ]
          }
        ]
      }
    ]
  },
       "geometry.skeleton.stray:geometry.bob": {},
       "geometry.skeleton.wither:geometry.meal_burner": {},
       "geometry.pigzombie:geometry.explosive_meal_dropper": {},
       "geometry.spider:geometry.dead": {},
       "geometry.mooshroom:geometry.dead": {},
       "geometry.villager.witch:geometry.firstRonald": {},
       "geometry.zombie.husk:geometry.human": {}}