{
  "geometry.mob_head": {
    "texturewidth": 292,
    "textureheight": 126,
    "bones": [
      {
        "pivot": [ 0, 24, 0],
        "name": "head",
        "cubes": [
          {
            "origin": [ 10.0, 30, -5.0 ],
            "size": [ 8, 3, 9 ],
            "uv": [ 0, 0 ]
          },
          {
            "origin": [ 0.0, 30, -5.0 ],
            "size": [ 10, 3, 9 ],
            "uv": [ 0, 0 ]
          },
          {
            "origin": [ -10.0, 30, -5.0 ],
            "size": [ 10, 3, 9 ],
            "uv": [ 0, 0 ]
          },
          {
            "origin": [ -18.0, 30, -5.0 ],
            "size": [ 8, 3, 9 ],
            "uv": [ 0, 0 ]
          },
////posamanos
          {
            "origin": [ -20.0, 30, -5.0 ],
            "size": [ 2, 8, 9 ],
            "uv": [ 0, 12 ]
          },
          {
            "origin": [ 18.0, 30, -5.0 ],
            "size": [ 2, 8, 9 ],
            "uv": [ 0, 29 ]
          },
////respaldo
          {
            "origin": [ 6.0, 30, 4.0 ],
            "size": [ 14, 13, 3 ],
            "uv": [ 22, 12 ]
          },
          {
            "origin": [ -6.0, 30, 4.0 ],
            "size": [ 12, 13, 3 ],
            "uv": [ 23, 12 ]
          },
          {
            "origin": [ -20.0, 30, 4.0 ],
            "size": [ 14, 13, 3 ],
            "uv": [ 22, 12 ]
          },
////////patas
          {
            "origin": [ -20.0, 24, 5.0 ],
            "size": [ 2, 6, 2 ],
            "uv": [ 0, 46 ]
          },
          {
            "origin": [ -20.0, 24, -5.0 ],
            "size": [ 2, 6, 2 ],
            "uv": [ 0, 46 ]
          },
          {
            "origin": [ 18.0, 24, 5.0 ],
            "size": [ 2, 6, 2 ],
            "uv": [ 0, 46 ]
          },
          {
            "origin": [ 18.0, 24, -5.0 ],
            "size": [ 2, 6, 2 ],
            "uv": [ 0, 46 ]
          },
////////mesa/////////
          {
            "origin": [ -15.0, 40, -15.0 ],
            "size": [ 10, 2, 10 ],
            "uv": [ 209, 0 ]
          },
          {
            "origin": [ -5.0, 40, -15.0 ],
            "size": [ 10, 2, 10 ],
            "uv": [ 209, 0 ]
          },
          {
            "origin": [ 5.0, 40, -15.0 ],
            "size": [ 10, 2, 10 ],
            "uv": [ 209, 0 ]
          },
          {
            "origin": [ -15.0, 40, -5.0 ],
            "size": [ 10, 2, 10 ],
            "uv": [ 209, 0 ]
          },
          {
            "origin": [ -5.0, 40, -5.0 ],
            "size": [ 10, 2, 10 ],
            "uv": [ 209, 0 ]
          },
          {
            "origin": [ 5.0, 40, -5.0 ],
            "size": [ 10, 2, 10 ],
            "uv": [ 209, 0 ]
          },
          {
            "origin": [ -15.0, 40, 5.0 ],
            "size": [ 10, 2, 10 ],
            "uv": [ 209, 0 ]
          },
          {
            "origin": [ -5.0, 40, 5.0 ],
            "size": [ 10, 2, 10 ],
            "uv": [ 209, 0 ]
          },
          {
            "origin": [ 5.0, 40, 5.0 ],
            "size": [ 10, 2, 10 ],
            "uv": [ 209, 0 ]
          },
////////patas2
          {
            "origin": [ -13.0, 32, -13.0 ],
            "size": [ 2, 8, 2 ],
            "uv": [ 209, 12 ]
          },
          {
            "origin": [ 11.0, 32, -13.0 ],
            "size": [ 2, 8, 2 ],
            "uv": [ 209, 12 ]
          },
          {
            "origin": [ -13.0, 32, 11.0 ],
            "size": [ 2, 8, 2 ],
            "uv": [ 209, 12 ]
          },
         {
            "origin": [ 11.0, 32, 11.0 ],
            "size": [ 2, 8, 2 ],
            "uv": [ 209, 12 ]
          },
///////patas1
          {
            "origin": [ -13.0, 24, -13.0 ],
            "size": [ 2, 8, 2 ],
            "uv": [ 209, 12 ]
          },
          {
            "origin": [ 11.0, 24, -13.0 ],
            "size": [ 2, 8, 2 ],
            "uv": [ 209, 12 ]
          },
          {
            "origin": [ -13.0, 24, 11.0 ],
            "size": [ 2, 8, 2 ],
            "uv": [ 209, 12 ]
          },
         {
            "origin": [ 11.0, 24, 11.0 ],
            "size": [ 2, 8, 2 ],
            "uv": [ 209, 12 ]
          },
////////sillagamer/////////
          {
            "origin": [ -5.0, 33.0, -5.0 ],
            "size": [ 10, 3, 10 ],
            "uv": [ 161, 0 ]
          },
          {
            "origin": [ -6.0, 32.0, -1.0 ],
            "size": [ 1, 7, 1 ],
            "uv": [ 161, 0 ]
          },
          {
            "origin": [ 5.0, 32.0, -1.0 ],
            "size": [ 1, 7, 1 ],
            "uv": [ 161, 0 ]
          },
          {
            "origin": [ -6.0, 39.0, -3.0 ],
            "size": [ 1, 1, 5 ],
            "uv": [ 183, 0 ]
          },
          {
            "origin": [ 5.0, 39.0, -3.0 ],
            "size": [ 1, 1, 5 ],
            "uv": [ 183, 0 ]
          },
          {
            "origin": [ -3.5, 34.0, 5.0 ],
            "size": [ 1, 5, 1 ],
            "uv": [ 161, 0 ]
          },
          {
            "origin": [ 2.5, 34.0, 5.0 ],
            "size": [ 1, 5, 1 ],
            "uv": [ 161, 0 ]
          },
          {
            "origin": [ -5.0, 39.0, 4.5 ],
            "size": [ 10, 7, 2 ],
            "uv": [ 161, 13 ]
          },
          {
            "origin": [ -5.0, 32.0, -1.0 ],
            "size": [ 10, 1, 1 ],
            "uv": [ 183, 13 ]
          },
          {
            "origin": [ -0.5, 26.0, -1.0 ],
            "size": [ 1, 7, 1 ],
            "uv": [ 161, 0 ]
          },
          {
            "origin": [ -5.0, 25.0, -1.0 ],
            "size": [ 10, 1, 1 ],
            "uv": [ 183, 13 ]
          },
          {
            "origin": [ -0.5, 25.0, -5.0 ],
            "size": [ 1, 1, 10 ],
            "uv": [ 185, 15 ]
          },
          {
            "origin": [ -6.0, 24.3, -1.5 ],
            "size": [ 2, 2, 2 ],
            "uv": [ 161, 22 ]
          },
          {
            "origin": [ 4.0, 24.3, -1.5 ],
            "size": [ 2, 2, 2 ],
            "uv": [ 161, 22 ]
          },
          {
            "origin": [ -1.0, 24.3, -6.0 ],
            "size": [ 2, 2, 2 ],
            "uv": [ 161, 22 ]
          },
          {
            "origin": [ -1.0, 24.3, 4.0 ],
            "size": [ 2, 2, 2 ],
            "uv": [ 161, 22 ]

          },
////////television/////////
          {
            "origin": [ -24, 28, -1 ],
            "uv": [ 58, 0 ],
            "size": [ 48, 28, 2 ]
          }
        ],
        "pivot": [
          0,
          -1.136868e-15,
          7.105427e-17
        ]
      },
////////patas der
      {
        "name": "head",
        "cubes": [
          {
            "origin": [ 16, 26, 0 ],
            "uv": [ 58, 30 ],
            "size": [ 2, 2, 2 ]
          }
        ],
        "pivot": [
          0,
          2.842171e-16,
          0
        ]
      },
      {
        "name": "head",
        "cubes": [
          {
            "origin": [ 16, 26, -2 ],
            "uv": [ 58, 30 ],
            "size": [ 2, 2, 2 ]
          }
        ],
        "pivot": [
          0,
          2.842171e-16,
          0
        ]
      },
      {
        "name": "head",
        "cubes": [
          {
            "origin": [ 16, 25, 1 ],
            "uv": [ 58, 30 ],
            "size": [ 2, 2, 2 ]
          }
        ],
        "pivot": [
          0,
          2.842171e-16,
          0
        ]
      },
      {
        "name": "head",
        "cubes": [
          {
            "origin": [ 16, 25, -3 ],
            "uv": [ 58, 30 ],
            "size": [ 2, 2, 2 ]
          }
        ],
        "pivot": [
          0,
          2.842171e-16,
          0
        ]
      },
      {
        "name": "head",
        "cubes": [
          {
            "origin": [ 16, 24, 2 ],
            "uv": [ 58, 30 ],
            "size": [ 2, 2, 2 ]
          }
        ],
        "pivot": [
          0,
          2.842171e-16,
          0
        ]
      },
      {
        "name": "head",
        "cubes": [
          {
            "origin": [ 16, 24, -4 ],
            "uv": [ 58, 30 ],
            "size": [ 2, 2, 2 ]
          }
        ],
        "pivot": [
          0,
          2.842171e-16,
          0
        ]
      },
////////patas izq
      {
        "name": "head",
        "cubes": [
          {
            "origin": [ -18, 26, 0 ],
            "uv": [ 58, 30 ],
            "size": [ 2, 2, 2 ]
          }
        ],
        "pivot": [
          0,
          2.842171e-16,
          0
        ]
      },
      {
        "name": "head",
        "cubes": [
          {
            "origin": [ -18, 26, -2 ],
            "uv": [ 58, 30 ],
            "size": [ 2, 2, 2 ]
          }
        ],
        "pivot": [
          0,
          2.842171e-16,
          0
        ]
      },
      {
        "name": "head",
        "cubes": [
          {
            "origin": [ -18, 25, 1 ],
            "uv": [ 58, 30 ],
            "size": [ 2, 2, 2 ]
          }
        ],
        "pivot": [
          0,
          2.842171e-16,
          0
        ]
      },
      {
        "name": "head",
        "cubes": [
          {
            "origin": [ -18, 25, -3 ],
            "uv": [ 58, 30 ],
            "size": [ 2, 2, 2 ]
          }
        ],
        "pivot": [
          0,
          2.842171e-16,
          0
        ]
      },
      {
        "name": "head",
        "cubes": [
          {
            "origin": [ -18, 24, 2 ],
            "uv": [ 58, 30 ],
            "size": [ 2, 2, 2 ]
          }
        ],
        "pivot": [
          0,
          2.842171e-16,
          0
        ]
      },
      {
        "name": "head",
        "cubes": [
          {
            "origin": [ -18, 24, -4 ],
            "uv": [ 58, 30 ],
            "size": [ 2, 2, 2 ]
          }
        ],
        "pivot": [
          0,
          2.842171e-16,
          0
        ]
      }
    ]
  },
  "geometry.player_head": {
    "visible_bounds_width": 1,
    "visible_bounds_height": 1,
    "visible_bounds_offset": [ 0, 0.5, 0 ],
    "texturewidth": 64,
    "textureheight": 32,

    "bones": [
      {
        "name": "head",
        "cubes": [
          {
            "origin": [ -5.0, 32, -5.0 ],
            "size": [ 10, 2, 10 ],
            "uv": [ 0, 0 ]
          },
          {
            "origin": [ -5.0, 24, -5.0 ],
            "size": [ 2, 8, 2 ],
            "uv": [ 0, 12 ]
          },
          {
            "origin": [ 3.0, 24, -5.0 ],
            "size": [ 2, 8, 2 ],
            "uv": [ 0, 12 ]
          },
          {
            "origin": [ -5.0, 24, 3.0 ],
            "size": [ 2, 8, 2 ],
            "uv": [ 0, 12 ]
          },
         {
            "origin": [ 3.0, 24, 3.0 ],
            "size": [ 2, 8, 2 ],
            "uv": [ 0, 12 ]
          },
          {
            "origin": [ -5.0, 34, 4.0 ],
            "size": [ 10, 12, 1 ],
            "uv": [ 8, 12 ]
          }
        ]
      }
    ]
  },
  "geometry.dragon_head": {
    "texturewidth": 512,
    "textureheight": 512,
    "bones": [
      {
        "name": "head",
        "cubes": [
          {
            "origin": [ -25, 21, 5 ],
            "uv": [ 50, 485 ],
            "size": [ 16, 12, 2 ]
          },
          {
            "origin": [ -18, 17, 5 ],
            "uv": [ 0, 505 ],
            "size": [ 2, 4, 2 ]
          },
          {
            "origin": [ -20, 16, 4 ],
            "uv": [ 0, 505 ],
            "size": [ 6, 1, 4 ]
          },
//////pantalla2//////
          {
            "origin": [ -8, 21, 5 ],
            "uv": [ 0, 485 ],
            "size": [ 16, 12, 2 ]
          },
          {
            "origin": [ -1, 17, 5 ],
            "uv": [ 0, 505 ],
            "size": [ 2, 4, 2 ]
          },
          {
            "origin": [ -3, 16, 4 ],
            "uv": [ 0, 505 ],
            "size": [ 6, 1, 4 ]
          },
//////////pantalla3//////
          {
            "origin": [ 9, 21, 5 ],
            "uv": [ 100, 485 ],
            "size": [ 16, 12, 2 ]
          },
          {
            "origin": [ 16, 17, 5 ],
            "uv": [ 0, 505 ],
            "size": [ 2, 4, 2 ]
          },
          {
            "origin": [ 14, 16, 4 ],
            "uv": [ 0, 505 ],
            "size": [ 6, 1, 4 ]
          },
///////teclado/raton/////
          {
            "origin": [ -7, 16, -8 ],
            "uv": [ 150, 485 ],
            "size": [ 14, 1, 6 ]
          },
          {
            "origin": [ 9, 16, -7 ],
            "uv": [ 186, 485 ],
            "size": [ 2, 1, 3 ]
          },
///////cpu//////
          {
            "origin": [ 27, 16.1, -7 ],
            "uv": [ 200, 485 ],
            "size": [ 5, 12, 12 ]
          }
        ]
      },
      {
        "name": "jaw",
        "pivot": [ 0.0, 20.0, -8.0 ],
        "rotation": [ 0.0, 0.0, 0.0 ],
        "cubes": [
          {
            "origin": [ 28.5, 17.0, -6 ],
            "size": [ 3.0, 8.0, 10.0 ],
            "uv": [ 250, 485 ]
          }
        ]
      }
    ]
  }
}