{"resource_pack_name":"Furnicraft[Resource]","texture_name":"atlas.items","texture_data":{"egg_camel":{"textures":"textures/items/egg_camel"},"egg_lion":{"textures":"textures/items/egg_lion"},"egg_penguin":{"textures":"textures/items/egg_penguin"},"egg_tiger":{"textures":"textures/items/egg_tiger"},"egg_elephant":{"textures":"textures/items/egg_elephant"},"egg_deer":{"textures":"textures/items/egg_deer"},"egg_panther":{"textures":"textures/items/egg_panther"},"egg_frog":{"textures":"textures/items/egg_frog"},"egg_crocodile":{"textures":"textures/items/egg_crocodile"},"egg_mouse":{"textures":"textures/items/egg_mouse"},"gallardo":{"textures":"textures/items/gallardo"},"bench":{"textures":"textures/items/bench"},"christmas_tree":{"textures":"textures/items/christmas_tree"},"tivi":{"textures":"textures/items/tivi"},"closet":{"textures":"textures/items/closet"},"laptop":{"textures":"textures/items/laptop"},"piano":{"textures":"textures/items/piano"},"armchairs":{"textures":"textures/items/armchairs"},"chair":{"textures":"textures/items/chair"},"big_table":{"textures":"textures/items/big_table"},"small_table":{"textures":"textures/items/small_table"},"drone":{"textures":"textures/items/drone"},"colorful_gifts":{"textures":"textures/items/colorful_gifts"},"pa:hotdog":{"textures":"textures/items/pamobile/pa:hotdog"},"pa:donut":{"textures":"textures/items/pamobile/pa:donut"},"pa:sushi":{"textures":"textures/items/pamobile/pa:sushi"},"pa:hamburger":{"textures":"textures/items/pamobile/pa:hamburger"},"pa:pizza_sword":{"textures":"textures/items/pamobile/pa:pizza_sword"},"pa:french_fries":{"textures":"textures/items/pamobile/pa:french_fries"},"pa:knife":{"textures":"textures/items/pamobile/pa:knife"},"pa:pizza":{"textures":"textures/items/pamobile/pa:pizza"},"pa:ice_cream":{"textures":"textures/items/pamobile/pa:ice_cream"},"pa:pizza_slice":{"textures":"textures/items/pamobile/pa:pizza_slice"},"pa:happy_meal":{"textures":"textures/items/pamobile/pa:happy_meal"}}}